{
    "target": [
        0.7266112266112266,
        0.8753086419753087,
        0.04166667,
        0.12,
        2
    ],
    "parkings": {
        "0": [
            0.7266112266112266,
            0.8753086419753087,
            0.04166667,
            0.12,
            2
        ],
        "1": [
            0.6777546777546778,
            0.8753086419753087,
            0.04166667,
            0.12
        ],
        "2": [
            0.6299376299376299,
            0.8753086419753087,
            0.04166667,
            0.12
        ],
        "3": [
            0.5821205821205822,
            0.8753086419753087,
            0.04166667,
            0.12
        ],
        "4": [
            0.5343035343035343,
            0.8753086419753087,
            0.04166667,
            0.12
        ],
        "5": [
            0.4864864864864865,
            0.8753086419753087,
            0.04166667,
            0.12
        ],
        "6": [
            0.4386694386694387,
            0.8753086419753087,
            0.04166667,
            0.12
        ],
        "7": [
            0.3908523908523909,
            0.8753086419753087,
            0.04166667,
            0.12
        ],
        "8": [
            0.341995841995842,
            0.8753086419753087,
            0.04166667,
            0.12
        ],
        "9": [
            0.29417879417879417,
            0.8753086419753087,
            0.04166667,
            0.12
        ],
        "10": [
            0.7266112266112266,
            0.571604938271605,
            0.04166667,
            0.12
        ],
        "11": [
            0.6777546777546778,
            0.571604938271605,
            0.04166667,
            0.12
        ],
        "12": [
            0.6299376299376299,
            0.571604938271605,
            0.04166667,
            0.12
        ],
        "13": [
            0.5821205821205822,
            0.571604938271605,
            0.04166667,
            0.12
        ],
        "14": [
            0.5343035343035343,
            0.571604938271605,
            0.04166667,
            0.12
        ],
        "15": [
            0.4864864864864865,
            0.571604938271605,
            0.04166667,
            0.12
        ],
        "16": [
            0.4386694386694387,
            0.571604938271605,
            0.04166667,
            0.12
        ],
        "17": [
            0.3908523908523909,
            0.571604938271605,
            0.04166667,
            0.12
        ],
        "18": [
            0.341995841995842,
            0.571604938271605,
            0.04166667,
            0.12
        ],
        "19": [
            0.29417879417879417,
            0.571604938271605,
            0.04166667,
            0.12
        ],
        "20": [
            0.7266112266112266,
            0.26666666666666666,
            0.04166667,
            0.12
        ],
        "21": [
            0.6777546777546778,
            0.26666666666666666,
            0.04166667,
            0.12
        ],
        "22": [
            0.6299376299376299,
            0.26666666666666666,
            0.04166667,
            0.12
        ],
        "23": [
            0.5821205821205822,
            0.26666666666666666,
            0.04166667,
            0.12
        ],
        "24": [
            0.5343035343035343,
            0.26666666666666666,
            0.04166667,
            0.12
        ],
        "25": [
            0.4864864864864865,
            0.26666666666666666,
            0.04166667,
            0.12
        ],
        "26": [
            0.4386694386694387,
            0.26666666666666666,
            0.04166667,
            0.12
        ],
        "27": [
            0.3908523908523909,
            0.26666666666666666,
            0.04166667,
            0.12
        ],
        "28": [
            0.341995841995842,
            0.26666666666666666,
            0.04166667,
            0.12
        ],
        "29": [
            0.29417879417879417,
            0.26666666666666666,
            0.04166667,
            0.12
        ]
    }
}