{
    "target": [
        0.6029106029106029,
        0.7493827160493827,
        0.0416667,
        0.12,
        2
    ],
    "parkings": {
        "0": [
            0.6029106029106029,
            0.7493827160493827,
            0.0416667,
            0.12,
            2
        ],
        "1": [
            0.8024948024948025,
            0.7493827160493827,
            0.0416667,
            0.12
        ],
        "2": [
            0.4022869022869023,
            0.7493827160493827,
            0.0416667,
            0.12
        ],
        "3": [
            0.20166320166320167,
            0.7493827160493827,
            0.0416667,
            0.12
        ],
        "4": [
            0.8024948024948025,
            0.6246913580246913,
            0.0416667,
            0.12
        ],
        "5": [
            0.6029106029106029,
            0.6246913580246913,
            0.0416667,
            0.12
        ],
        "6": [
            0.4022869022869023,
            0.6246913580246913,
            0.0416667,
            0.12
        ],
        "7": [
            0.20166320166320167,
            0.6246913580246913,
            0.0416667,
            0.12
        ],
        "8": [
            0.8024948024948025,
            0.5012345679012346,
            0.0416667,
            0.12
        ],
        "9": [
            0.6029106029106029,
            0.5012345679012346,
            0.0416667,
            0.12
        ],
        "10": [
            0.4022869022869023,
            0.5012345679012346,
            0.0416667,
            0.12
        ],
        "11": [
            0.20166320166320167,
            0.5012345679012346,
            0.0416667,
            0.12
        ],
        "12": [
            0.8024948024948025,
            0.37777777777777777,
            0.0416667,
            0.12
        ],
        "13": [
            0.6029106029106029,
            0.37777777777777777,
            0.0416667,
            0.12
        ],
        "14": [
            0.4022869022869023,
            0.37777777777777777,
            0.0416667,
            0.12
        ],
        "15": [
            0.20166320166320167,
            0.37777777777777777,
            0.0416667,
            0.12
        ],
        "16": [
            0.8024948024948025,
            0.254320987654321,
            0.0416667,
            0.12
        ],
        "17": [
            0.6029106029106029,
            0.254320987654321,
            0.0416667,
            0.12
        ],
        "18": [
            0.4022869022869023,
            0.254320987654321,
            0.0416667,
            0.12
        ],
        "19": [
            0.20166320166320167,
            0.254320987654321,
            0.0416667,
            0.12
        ]
    }
}