{
    "target": [
        0.9615384615384616,
        0.9185185185185185,
        0.0416667,
        0.12,
        2
    ],
    "parkings": {
        "0": [
            0.9615384615384616,
            0.9185185185185185,
            0.0416667,
            0.12,
            2
        ],
        "1": [
            0.762993762993763,
            0.9185185185185185,
            0.0416667,
            0.12
        ],
        "2": [
            0.5623700623700624,
            0.9185185185185185,
            0.0416667,
            0.12
        ],
        "3": [
            0.36174636174636177,
            0.9185185185185185,
            0.0416667,
            0.12
        ],
        "4": [
            0.9615384615384616,
            0.7962962962962963,
            0.0416667,
            0.12
        ],
        "5": [
            0.762993762993763,
            0.7962962962962963,
            0.0416667,
            0.12
        ],
        "6": [
            0.5623700623700624,
            0.7962962962962963,
            0.0416667,
            0.12
        ],
        "7": [
            0.36174636174636177,
            0.7962962962962963,
            0.0416667,
            0.12
        ],
        "8": [
            0.9615384615384616,
            0.6728395061728395,
            0.0416667,
            0.12
        ],
        "9": [
            0.762993762993763,
            0.6728395061728395,
            0.0416667,
            0.12
        ],
        "10": [
            0.5623700623700624,
            0.6728395061728395,
            0.0416667,
            0.12
        ],
        "11": [
            0.36174636174636177,
            0.6728395061728395,
            0.0416667,
            0.12
        ],
        "12": [
            0.9615384615384616,
            0.5493827160493827,
            0.0416667,
            0.12
        ],
        "13": [
            0.762993762993763,
            0.5493827160493827,
            0.0416667,
            0.12
        ],
        "14": [
            0.5623700623700624,
            0.5493827160493827,
            0.0416667,
            0.12
        ],
        "15": [
            0.36174636174636177,
            0.5493827160493827,
            0.0416667,
            0.12
        ],
        "16": [
            0.9615384615384616,
            0.42592592592592593,
            0.0416667,
            0.12
        ],
        "17": [
            0.762993762993763,
            0.42592592592592593,
            0.0416667,
            0.12
        ],
        "18": [
            0.5623700623700624,
            0.42592592592592593,
            0.0416667,
            0.12
        ],
        "19": [
            0.36174636174636177,
            0.42592592592592593,
            0.0416667,
            0.12
        ]
    }
}