{
    "target": [
        0.9615384615384616,
        0.5765432098765432,
        0.0416667,
        0.12,
        2
    ],
    "parkings": {
        "0": [
            0.9615384615384616,
            0.5765432098765432,
            0.0416667,
            0.12,
            2
        ],
        "1": [
            0.762993762993763,
            0.5765432098765432,
            0.0416667,
            0.12
        ],
        "2": [
            0.5623700623700624,
            0.5765432098765432,
            0.0416667,
            0.12
        ],
        "3": [
            0.36174636174636177,
            0.5765432098765432,
            0.0416667,
            0.12
        ],
        "4": [
            0.9615384615384616,
            0.45308641975308644,
            0.0416667,
            0.12
        ],
        "5": [
            0.762993762993763,
            0.45308641975308644,
            0.0416667,
            0.12
        ],
        "6": [
            0.5623700623700624,
            0.45308641975308644,
            0.0416667,
            0.12
        ],
        "7": [
            0.36174636174636177,
            0.45308641975308644,
            0.0416667,
            0.12
        ],
        "8": [
            0.9615384615384616,
            0.3296296296296296,
            0.0416667,
            0.12
        ],
        "9": [
            0.762993762993763,
            0.3296296296296296,
            0.0416667,
            0.12
        ],
        "10": [
            0.5623700623700624,
            0.3296296296296296,
            0.0416667,
            0.12
        ],
        "11": [
            0.36174636174636177,
            0.3296296296296296,
            0.0416667,
            0.12
        ],
        "12": [
            0.9615384615384616,
            0.20617283950617285,
            0.0416667,
            0.12
        ],
        "13": [
            0.762993762993763,
            0.20617283950617285,
            0.0416667,
            0.12
        ],
        "14": [
            0.5623700623700624,
            0.20617283950617285,
            0.0416667,
            0.12
        ],
        "15": [
            0.36174636174636177,
            0.20617283950617285,
            0.0416667,
            0.12
        ],
        "16": [
            0.9615384615384616,
            0.08271604938271605,
            0.0416667,
            0.12
        ],
        "17": [
            0.762993762993763,
            0.08271604938271605,
            0.0416667,
            0.12
        ],
        "18": [
            0.5623700623700624,
            0.08271604938271605,
            0.0416667,
            0.12
        ],
        "19": [
            0.36174636174636177,
            0.08271604938271605,
            0.0416667,
            0.12
        ]
    }
}