{
    "target": [
        0.4261954261954262,
        0.6160493827160494,
        0.04166667,
        0.12,
        2
    ],
    "parkings": {
        "0": [
            0.4261954261954262,
            0.6160493827160494,
            0.04166667,
            0.12,
            2
        ],
        "1": [
            0.47401247401247404,
            0.9185185185185185,
            0.04166667,
            0.12
        ],
        "2": [
            0.4261954261954262,
            0.9185185185185185,
            0.04166667,
            0.12
        ],
        "3": [
            0.3783783783783784,
            0.9185185185185185,
            0.04166667,
            0.12
        ],
        "4": [
            0.3305613305613306,
            0.9185185185185185,
            0.04166667,
            0.12
        ],
        "5": [
            0.28274428274428276,
            0.9185185185185185,
            0.04166667,
            0.12
        ],
        "6": [
            0.2338877338877339,
            0.9185185185185185,
            0.04166667,
            0.12
        ],
        "7": [
            0.18607068607068608,
            0.9185185185185185,
            0.04166667,
            0.12
        ],
        "8": [
            0.13721413721413722,
            0.9185185185185185,
            0.04166667,
            0.12
        ],
        "9": [
            0.0893970893970894,
            0.9185185185185185,
            0.04166667,
            0.12
        ],
        "10": [
            0.04158004158004158,
            0.9185185185185185,
            0.04166667,
            0.12
        ],
        "11": [
            0.47401247401247404,
            0.6160493827160494,
            0.04166667,
            0.12
        ],
        "12": [
            0.3783783783783784,
            0.6160493827160494,
            0.04166667,
            0.12
        ],
        "13": [
            0.3305613305613306,
            0.6160493827160494,
            0.04166667,
            0.12
        ],
        "14": [
            0.28274428274428276,
            0.6160493827160494,
            0.04166667,
            0.12
        ],
        "15": [
            0.2338877338877339,
            0.6160493827160494,
            0.04166667,
            0.12
        ],
        "16": [
            0.18607068607068608,
            0.6160493827160494,
            0.04166667,
            0.12
        ],
        "17": [
            0.13721413721413722,
            0.6160493827160494,
            0.04166667,
            0.12
        ],
        "18": [
            0.0893970893970894,
            0.6160493827160494,
            0.04166667,
            0.12
        ],
        "19": [
            0.04158004158004158,
            0.6160493827160494,
            0.04166667,
            0.12
        ],
        "20": [
            0.47401247401247404,
            0.3111111111111111,
            0.04166667,
            0.12
        ],
        "21": [
            0.4261954261954262,
            0.3111111111111111,
            0.04166667,
            0.12
        ],
        "22": [
            0.3783783783783784,
            0.3111111111111111,
            0.04166667,
            0.12
        ],
        "23": [
            0.3305613305613306,
            0.3111111111111111,
            0.04166667,
            0.12
        ],
        "24": [
            0.28274428274428276,
            0.3111111111111111,
            0.04166667,
            0.12
        ],
        "25": [
            0.2338877338877339,
            0.3111111111111111,
            0.04166667,
            0.12
        ],
        "26": [
            0.18607068607068608,
            0.3111111111111111,
            0.04166667,
            0.12
        ],
        "27": [
            0.13721413721413722,
            0.3111111111111111,
            0.04166667,
            0.12
        ],
        "28": [
            0.0893970893970894,
            0.3111111111111111,
            0.04166667,
            0.12
        ],
        "29": [
            0.04158004158004158,
            0.3111111111111111,
            0.04166667,
            0.12
        ]
    }
}