{
    "target": [
        0.553014553014553,
        0.691358024691358,
        0.04166667,
        0.12,
        0
    ],
    "parkings": {
        "0": [
            0.553014553014553,
            0.691358024691358,
            0.04166667,
            0.12,
            0
        ],
        "1": [
            0.6964656964656964,
            0.691358024691358,
            0.04166667,
            0.12
        ],
        "2": [
            0.6486486486486487,
            0.691358024691358,
            0.04166667,
            0.12
        ],
        "3": [
            0.6008316008316008,
            0.691358024691358,
            0.04166667,
            0.12
        ],
        "4": [
            0.5051975051975052,
            0.691358024691358,
            0.04166667,
            0.12
        ],
        "5": [
            0.4573804573804574,
            0.691358024691358,
            0.04166667,
            0.12
        ],
        "6": [
            0.4095634095634096,
            0.691358024691358,
            0.04166667,
            0.12
        ],
        "7": [
            0.36174636174636177,
            0.691358024691358,
            0.04166667,
            0.12
        ],
        "8": [
            0.3128898128898129,
            0.691358024691358,
            0.04166667,
            0.12
        ],
        "9": [
            0.26507276507276506,
            0.691358024691358,
            0.04166667,
            0.12
        ],
        "10": [
            0.6964656964656964,
            0.38641975308641974,
            0.04166667,
            0.12
        ],
        "11": [
            0.6486486486486487,
            0.38641975308641974,
            0.04166667,
            0.12
        ],
        "12": [
            0.6008316008316008,
            0.38641975308641974,
            0.04166667,
            0.12
        ],
        "13": [
            0.553014553014553,
            0.38641975308641974,
            0.04166667,
            0.12
        ],
        "14": [
            0.5051975051975052,
            0.38641975308641974,
            0.04166667,
            0.12
        ],
        "15": [
            0.4573804573804574,
            0.38641975308641974,
            0.04166667,
            0.12
        ],
        "16": [
            0.4095634095634096,
            0.38641975308641974,
            0.04166667,
            0.12
        ],
        "17": [
            0.36174636174636177,
            0.38641975308641974,
            0.04166667,
            0.12
        ],
        "18": [
            0.3128898128898129,
            0.38641975308641974,
            0.04166667,
            0.12
        ],
        "19": [
            0.26507276507276506,
            0.38641975308641974,
            0.04166667,
            0.12
        ],
        "20": [
            0.6964656964656964,
            0.08271604938271605,
            0.04166667,
            0.12
        ],
        "21": [
            0.6486486486486487,
            0.08271604938271605,
            0.04166667,
            0.12
        ],
        "22": [
            0.6008316008316008,
            0.08271604938271605,
            0.04166667,
            0.12
        ],
        "23": [
            0.553014553014553,
            0.08271604938271605,
            0.04166667,
            0.12
        ],
        "24": [
            0.5051975051975052,
            0.08271604938271605,
            0.04166667,
            0.12
        ],
        "25": [
            0.4573804573804574,
            0.08271604938271605,
            0.04166667,
            0.12
        ],
        "26": [
            0.4095634095634096,
            0.08271604938271605,
            0.04166667,
            0.12
        ],
        "27": [
            0.36174636174636177,
            0.08271604938271605,
            0.04166667,
            0.12
        ],
        "28": [
            0.3128898128898129,
            0.08271604938271605,
            0.04166667,
            0.12
        ],
        "29": [
            0.26507276507276506,
            0.08271604938271605,
            0.04166667,
            0.12
        ]
    }
}