{
    "target": [
        0.9615384615384616,
        0.691358024691358,
        0.04166667,
        0.12,
        2
    ],
    "parkings": {
        "0": [
            0.9615384615384616,
            0.691358024691358,
            0.04166667,
            0.12,
            2
        ],
        "1": [
            0.9147609147609148,
            0.691358024691358,
            0.04166667,
            0.12
        ],
        "2": [
            0.8669438669438669,
            0.691358024691358,
            0.04166667,
            0.12
        ],
        "3": [
            0.818087318087318,
            0.691358024691358,
            0.04166667,
            0.12
        ],
        "4": [
            0.7702702702702703,
            0.691358024691358,
            0.04166667,
            0.12
        ],
        "5": [
            0.7224532224532224,
            0.691358024691358,
            0.04166667,
            0.12
        ],
        "6": [
            0.6735966735966736,
            0.691358024691358,
            0.04166667,
            0.12
        ],
        "7": [
            0.6257796257796258,
            0.691358024691358,
            0.04166667,
            0.12
        ],
        "8": [
            0.577962577962578,
            0.691358024691358,
            0.04166667,
            0.12
        ],
        "9": [
            0.5301455301455301,
            0.691358024691358,
            0.04166667,
            0.12
        ],
        "10": [
            0.9615384615384616,
            0.38641975308641974,
            0.04166667,
            0.12
        ],
        "11": [
            0.9147609147609148,
            0.38641975308641974,
            0.04166667,
            0.12
        ],
        "12": [
            0.8669438669438669,
            0.38641975308641974,
            0.04166667,
            0.12
        ],
        "13": [
            0.818087318087318,
            0.38641975308641974,
            0.04166667,
            0.12
        ],
        "14": [
            0.7702702702702703,
            0.38641975308641974,
            0.04166667,
            0.12
        ],
        "15": [
            0.7224532224532224,
            0.38641975308641974,
            0.04166667,
            0.12
        ],
        "16": [
            0.6735966735966736,
            0.38641975308641974,
            0.04166667,
            0.12
        ],
        "17": [
            0.6257796257796258,
            0.38641975308641974,
            0.04166667,
            0.12
        ],
        "18": [
            0.577962577962578,
            0.38641975308641974,
            0.04166667,
            0.12
        ],
        "19": [
            0.5301455301455301,
            0.38641975308641974,
            0.04166667,
            0.12
        ],
        "20": [
            0.9615384615384616,
            0.08271604938271605,
            0.04166667,
            0.12
        ],
        "21": [
            0.9147609147609148,
            0.08271604938271605,
            0.04166667,
            0.12
        ],
        "22": [
            0.8669438669438669,
            0.08271604938271605,
            0.04166667,
            0.12
        ],
        "23": [
            0.818087318087318,
            0.08271604938271605,
            0.04166667,
            0.12
        ],
        "24": [
            0.7702702702702703,
            0.08271604938271605,
            0.04166667,
            0.12
        ],
        "25": [
            0.7224532224532224,
            0.08271604938271605,
            0.04166667,
            0.12
        ],
        "26": [
            0.6735966735966736,
            0.08271604938271605,
            0.04166667,
            0.12
        ],
        "27": [
            0.6257796257796258,
            0.08271604938271605,
            0.04166667,
            0.12
        ],
        "28": [
            0.577962577962578,
            0.08271604938271605,
            0.04166667,
            0.12
        ],
        "29": [
            0.5301455301455301,
            0.08271604938271605,
            0.04166667,
            0.12
        ]
    }
}