{
    "target": [
        0.5322245322245323,
        0.9185185185185185,
        0.04166667,
        0.12,
        2
    ],
    "parkings": {
        "0": [
            0.5322245322245323,
            0.9185185185185185,
            0.04166667,
            0.12,
            2
        ],
        "1": [
            0.6756756756756757,
            0.9185185185185185,
            0.04166667,
            0.12
        ],
        "2": [
            0.6278586278586279,
            0.9185185185185185,
            0.04166667,
            0.12
        ],
        "3": [
            0.58004158004158,
            0.9185185185185185,
            0.04166667,
            0.12
        ],
        "4": [
            0.48440748440748443,
            0.9185185185185185,
            0.04166667,
            0.12
        ],
        "5": [
            0.43555093555093555,
            0.9185185185185185,
            0.04166667,
            0.12
        ],
        "6": [
            0.3877338877338877,
            0.9185185185185185,
            0.04166667,
            0.12
        ],
        "7": [
            0.3388773388773389,
            0.9185185185185185,
            0.04166667,
            0.12
        ],
        "8": [
            0.2910602910602911,
            0.9185185185185185,
            0.04166667,
            0.12
        ],
        "9": [
            0.24324324324324326,
            0.9185185185185185,
            0.04166667,
            0.12
        ],
        "10": [
            0.6756756756756757,
            0.6160493827160494,
            0.04166667,
            0.12
        ],
        "11": [
            0.6278586278586279,
            0.6160493827160494,
            0.04166667,
            0.12
        ],
        "12": [
            0.58004158004158,
            0.6160493827160494,
            0.04166667,
            0.12
        ],
        "13": [
            0.5322245322245323,
            0.6160493827160494,
            0.04166667,
            0.12
        ],
        "14": [
            0.48440748440748443,
            0.6160493827160494,
            0.04166667,
            0.12
        ],
        "15": [
            0.43555093555093555,
            0.6160493827160494,
            0.04166667,
            0.12
        ],
        "16": [
            0.3877338877338877,
            0.6160493827160494,
            0.04166667,
            0.12
        ],
        "17": [
            0.3388773388773389,
            0.6160493827160494,
            0.04166667,
            0.12
        ],
        "18": [
            0.2910602910602911,
            0.6160493827160494,
            0.04166667,
            0.12
        ],
        "19": [
            0.24324324324324326,
            0.6160493827160494,
            0.04166667,
            0.12
        ],
        "20": [
            0.6756756756756757,
            0.3111111111111111,
            0.04166667,
            0.12
        ],
        "21": [
            0.6278586278586279,
            0.3111111111111111,
            0.04166667,
            0.12
        ],
        "22": [
            0.58004158004158,
            0.3111111111111111,
            0.04166667,
            0.12
        ],
        "23": [
            0.5322245322245323,
            0.3111111111111111,
            0.04166667,
            0.12
        ],
        "24": [
            0.48440748440748443,
            0.3111111111111111,
            0.04166667,
            0.12
        ],
        "25": [
            0.43555093555093555,
            0.3111111111111111,
            0.04166667,
            0.12
        ],
        "26": [
            0.3877338877338877,
            0.3111111111111111,
            0.04166667,
            0.12
        ],
        "27": [
            0.3388773388773389,
            0.3111111111111111,
            0.04166667,
            0.12
        ],
        "28": [
            0.2910602910602911,
            0.3111111111111111,
            0.04166667,
            0.12
        ],
        "29": [
            0.24324324324324326,
            0.3111111111111111,
            0.04166667,
            0.12
        ]
    }
}