{
    "target": [
        0.6257796257796258,
        0.9185185185185185,
        0.04166667,
        0.12,
        2
    ],
    "parkings": {
        "0": [
            0.6257796257796258,
            0.9185185185185185,
            0.04166667,
            0.12,
            2
        ],
        "1": [
            0.6735966735966736,
            0.9185185185185185,
            0.04166667,
            0.12
        ],
        "2": [
            0.5769230769230769,
            0.9185185185185185,
            0.04166667,
            0.12
        ],
        "3": [
            0.5291060291060291,
            0.9185185185185185,
            0.04166667,
            0.12
        ],
        "4": [
            0.4802494802494803,
            0.9185185185185185,
            0.04166667,
            0.12
        ],
        "5": [
            0.43243243243243246,
            0.9185185185185185,
            0.04166667,
            0.12
        ],
        "6": [
            0.38461538461538464,
            0.9185185185185185,
            0.04166667,
            0.12
        ],
        "7": [
            0.3367983367983368,
            0.9185185185185185,
            0.04166667,
            0.12
        ],
        "8": [
            0.288981288981289,
            0.9185185185185185,
            0.04166667,
            0.12
        ],
        "9": [
            0.24116424116424118,
            0.9185185185185185,
            0.04166667,
            0.12
        ],
        "10": [
            0.6735966735966736,
            0.6160493827160494,
            0.04166667,
            0.12
        ],
        "11": [
            0.6257796257796258,
            0.6160493827160494,
            0.04166667,
            0.12
        ],
        "12": [
            0.5769230769230769,
            0.6160493827160494,
            0.04166667,
            0.12
        ],
        "13": [
            0.5291060291060291,
            0.6160493827160494,
            0.04166667,
            0.12
        ],
        "14": [
            0.4802494802494803,
            0.6160493827160494,
            0.04166667,
            0.12
        ],
        "15": [
            0.43243243243243246,
            0.6160493827160494,
            0.04166667,
            0.12
        ],
        "16": [
            0.38461538461538464,
            0.6160493827160494,
            0.04166667,
            0.12
        ],
        "17": [
            0.3367983367983368,
            0.6160493827160494,
            0.04166667,
            0.12
        ],
        "18": [
            0.288981288981289,
            0.6160493827160494,
            0.04166667,
            0.12
        ],
        "19": [
            0.24116424116424118,
            0.6160493827160494,
            0.04166667,
            0.12
        ],
        "20": [
            0.6735966735966736,
            0.3111111111111111,
            0.04166667,
            0.12
        ],
        "21": [
            0.6257796257796258,
            0.3111111111111111,
            0.04166667,
            0.12
        ],
        "22": [
            0.5769230769230769,
            0.3111111111111111,
            0.04166667,
            0.12
        ],
        "23": [
            0.5291060291060291,
            0.3111111111111111,
            0.04166667,
            0.12
        ],
        "24": [
            0.4802494802494803,
            0.3111111111111111,
            0.04166667,
            0.12
        ],
        "25": [
            0.43243243243243246,
            0.3111111111111111,
            0.04166667,
            0.12
        ],
        "26": [
            0.38461538461538464,
            0.3111111111111111,
            0.04166667,
            0.12
        ],
        "27": [
            0.3367983367983368,
            0.3111111111111111,
            0.04166667,
            0.12
        ],
        "28": [
            0.288981288981289,
            0.3111111111111111,
            0.04166667,
            0.12
        ],
        "29": [
            0.24116424116424118,
            0.3111111111111111,
            0.04166667,
            0.12
        ]
    }
}