{
    "target": [
        0.6767151767151767,
        0.42592592592592593,
        0.04166667,
        0.12,
        2
    ],
    "parkings": {
        "0": [
            0.6767151767151767,
            0.42592592592592593,
            0.04166667,
            0.12,
            2
        ],
        "1": [
            0.6767151767151767,
            0.7308641975308642,
            0.04166667,
            0.12
        ],
        "2": [
            0.6288981288981289,
            0.7308641975308642,
            0.04166667,
            0.12
        ],
        "3": [
            0.581081081081081,
            0.7308641975308642,
            0.04166667,
            0.12
        ],
        "4": [
            0.5322245322245323,
            0.7308641975308642,
            0.04166667,
            0.12
        ],
        "5": [
            0.48440748440748443,
            0.7308641975308642,
            0.04166667,
            0.12
        ],
        "6": [
            0.4365904365904366,
            0.7308641975308642,
            0.04166667,
            0.12
        ],
        "7": [
            0.3887733887733888,
            0.7308641975308642,
            0.04166667,
            0.12
        ],
        "8": [
            0.340956340956341,
            0.7308641975308642,
            0.04166667,
            0.12
        ],
        "9": [
            0.29313929313929316,
            0.7308641975308642,
            0.04166667,
            0.12
        ],
        "10": [
            0.24532224532224534,
            0.7308641975308642,
            0.04166667,
            0.12
        ],
        "11": [
            0.6288981288981289,
            0.42592592592592593,
            0.04166667,
            0.12
        ],
        "12": [
            0.581081081081081,
            0.42592592592592593,
            0.04166667,
            0.12
        ],
        "13": [
            0.5322245322245323,
            0.42592592592592593,
            0.04166667,
            0.12
        ],
        "14": [
            0.48440748440748443,
            0.42592592592592593,
            0.04166667,
            0.12
        ],
        "15": [
            0.4365904365904366,
            0.42592592592592593,
            0.04166667,
            0.12
        ],
        "16": [
            0.3887733887733888,
            0.42592592592592593,
            0.04166667,
            0.12
        ],
        "17": [
            0.340956340956341,
            0.42592592592592593,
            0.04166667,
            0.12
        ],
        "18": [
            0.29313929313929316,
            0.42592592592592593,
            0.04166667,
            0.12
        ],
        "19": [
            0.24532224532224534,
            0.42592592592592593,
            0.04166667,
            0.12
        ],
        "20": [
            0.6767151767151767,
            0.12222222222222222,
            0.04166667,
            0.12
        ],
        "21": [
            0.6288981288981289,
            0.12222222222222222,
            0.04166667,
            0.12
        ],
        "22": [
            0.581081081081081,
            0.12222222222222222,
            0.04166667,
            0.12
        ],
        "23": [
            0.5322245322245323,
            0.12222222222222222,
            0.04166667,
            0.12
        ],
        "24": [
            0.48440748440748443,
            0.12222222222222222,
            0.04166667,
            0.12
        ],
        "25": [
            0.4365904365904366,
            0.12222222222222222,
            0.04166667,
            0.12
        ],
        "26": [
            0.3887733887733888,
            0.12222222222222222,
            0.04166667,
            0.12
        ],
        "27": [
            0.340956340956341,
            0.12222222222222222,
            0.04166667,
            0.12
        ],
        "28": [
            0.29313929313929316,
            0.12222222222222222,
            0.04166667,
            0.12
        ],
        "29": [
            0.24532224532224534,
            0.12222222222222222,
            0.04166667,
            0.12
        ]
    }
}